<StoreArtifacts>
  <Package Id="Microsoft.Extensions.Logging.Abstractions" Version="6.0.2" />
  <Package Id="Microsoft.Extensions.Configuration" Version="6.0.0" />
  <Package Id="Microsoft.Extensions.Configuration.Abstractions" Version="6.0.0" />
  <Package Id="Microsoft.Extensions.Configuration.Binder" Version="6.0.0" />
  <Package Id="Microsoft.Extensions.DependencyInjection" Version="6.0.0" />
  <Package Id="Microsoft.Extensions.DependencyInjection.Abstractions" Version="6.0.0" />
  <Package Id="Microsoft.Extensions.Logging" Version="6.0.0" />
  <Package Id="Microsoft.Extensions.Logging.Abstractions" Version="6.0.0" />
  <Package Id="Microsoft.Extensions.Logging.Configuration" Version="6.0.0" />
  <Package Id="Microsoft.Extensions.Options" Version="6.0.0" />
  <Package Id="Microsoft.Extensions.Options.ConfigurationExtensions" Version="6.0.0" />
  <Package Id="Microsoft.Extensions.Primitives" Version="6.0.0" />
  <Package Id="DnsClient" Version="1.4.0" />
  <Package Id="MongoDB.Bson" Version="2.13.3" />
  <Package Id="MongoDB.Driver.Core" Version="2.13.3" />
  <Package Id="MongoDB.Driver.Core.Extensions.DiagnosticSources" Version="1.3.0" />
  <Package Id="MongoDB.Libmongocrypt" Version="1.2.2" />
  <Package Id="SharpCompress" Version="0.23.0" />
</StoreArtifacts>
