<?xml version="1.0"?>
<doc>
    <assembly>
        <name>OpenTelemetry.AutoInstrumentation.Loader</name>
    </assembly>
    <members>
        <member name="T:OpenTelemetry.AutoInstrumentation.Loader.Startup">
            <summary>
            A class that attempts to load the OpenTelemetry.AutoInstrumentation .NET assembly.
            </summary>
            <summary>
            A class that attempts to load the OpenTelemetry.AutoInstrumentation .NET assembly.
            </summary>
        </member>
        <member name="M:OpenTelemetry.AutoInstrumentation.Loader.Startup.#cctor">
            <summary>
            Initializes static members of the <see cref="T:OpenTelemetry.AutoInstrumentation.Loader.Startup"/> class.
            This method also attempts to load the OpenTelemetry.AutoInstrumentation .NET assembly.
            </summary>
        </member>
    </members>
</doc>
