<?xml version="1.0"?>
<doc>
    <assembly>
        <name>OpenTelemetry.AutoInstrumentation.StartupHook</name>
    </assembly>
    <members>
        <member name="T:StartupHook">
            <summary>
            Dotnet StartupHook
            </summary>
        </member>
        <member name="M:StartupHook.Initialize">
            <summary>
            Load and initialize OpenTelemetry.AutoInstrumentation assembly to bring OpenTelemetry SDK
            with a pre-defined set of exporters, shims, and instrumentations.
            </summary>
        </member>
        <member name="T:OpenTelemetry.AutoInstrumentation.StartupHook.StartupHookEventSource">
            <summary>
            EventSource implementation for OpenTelemetry StartupHook implementation.
            </summary>
        </member>
        <member name="M:OpenTelemetry.AutoInstrumentation.StartupHook.StartupHookEventSource.Trace(System.String)">
            <summary>Logs as Trace level message.</summary>
            <param name="message">Message to log.</param>
        </member>
        <member name="M:OpenTelemetry.AutoInstrumentation.StartupHook.StartupHookEventSource.Error(System.String)">
            <summary>Logs as Error level message.</summary>
            <param name="message">Error to log.</param>
        </member>
        <member name="F:OpenTelemetry.AutoInstrumentation.Constants.ConfigurationValues.Separator">
            <summary>
            Default delimiter for textual representation of multi-valued settings.
            </summary>
        </member>
        <member name="F:OpenTelemetry.AutoInstrumentation.Constants.ConfigurationValues.DotNetQualifiedNameSeparator">
            <summary>a
            Delimiter for textual representation of settings that may contain multiple
            fully qualified .NET names, e.g.: assembly or type names, that already
            use commas as separators.
            </summary>
        </member>
    </members>
</doc>
