<?xml version="1.0"?>
<doc>
    <assembly>
        <name>OpenTelemetry.AutoInstrumentation.AspNetCoreBootstrapper</name>
    </assembly>
    <members>
        <member name="T:OpenTelemetry.AutoInstrumentation.AspNetCoreBootstrapper.BootstrapperEventSource">
            <summary>
            EventSource implementation for OpenTelemetry BootstrapperHostingStartup implementation.
            </summary>
        </member>
        <member name="M:OpenTelemetry.AutoInstrumentation.AspNetCoreBootstrapper.BootstrapperEventSource.Trace(System.String)">
            <summary>Logs as Trace level message.</summary>
            <param name="message">Message to log.</param>
        </member>
        <member name="M:OpenTelemetry.AutoInstrumentation.AspNetCoreBootstrapper.BootstrapperEventSource.Error(System.String)">
            <summary>Logs as Error level message.</summary>
            <param name="message">Error to log.</param>
        </member>
        <member name="T:OpenTelemetry.AutoInstrumentation.AspNetCoreBootstrapper.BootstrapperHostingStartup">
            <summary>
            Add summary.
            </summary>
        </member>
        <member name="M:OpenTelemetry.AutoInstrumentation.AspNetCoreBootstrapper.BootstrapperHostingStartup.#ctor">
            <summary>
            Initializes a new instance of the <see cref="T:OpenTelemetry.AutoInstrumentation.AspNetCoreBootstrapper.BootstrapperHostingStartup"/> class.
            </summary>
        </member>
        <member name="M:OpenTelemetry.AutoInstrumentation.AspNetCoreBootstrapper.BootstrapperHostingStartup.Configure(Microsoft.AspNetCore.Hosting.IWebHostBuilder)">
            <summary>
            This method gets called by the runtime to lightup ASP.NET Core OpenTelemetry Logs Collection.
            </summary>
            <param name="builder">The <see cref="T:Microsoft.AspNetCore.Hosting.IWebHostBuilder"/>.</param>
        </member>
    </members>
</doc>
